{"name":"00da5065-0c98-4068-951d-6a8e7bb76222","id":"/providers/Microsoft.Flow/flows/00da5065-0c98-4068-951d-6a8e7bb76222","type":"Microsoft.Flow/flows","properties":{"apiId":"/providers/Microsoft.PowerApps/apis/shared_logicflows","displayName":"Industry_Report__App_Notifier","definition":{"metadata":{"workflowEntityId":null,"processAdvisorMetadata":null,"flowclientsuspensionreason":"None","flowclientsuspensiontime":null,"flowclientsuspensionreasondetails":null,"creator":{"id":"328e7e8a-5b8b-4e39-8d0f-667d76bd380b","type":"User","tenantId":"8b03e177-0c71-4948-bb4d-abb386b73f7e"},"provisioningMethod":"FromDefinition","failureAlertSubscription":true,"clientLastModifiedTime":"2022-08-14T13:39:02.3739486Z"},"$schema":"https://schema.management.azure.com/providers/Microsoft.Logic/schemas/2016-06-01/workflowdefinition.json#","contentVersion":"1.0.0.0","parameters":{"$connections":{"defaultValue":{},"type":"Object"},"$authentication":{"defaultValue":{},"type":"SecureObject"}},"triggers":{"manual":{"metadata":{"operationMetadataId":"d066277a-d757-4120-92bd-ecec39672fe7"},"type":"Request","kind":"PowerApp","inputs":{"schema":{"type":"object","properties":{"SetReportNumber_Value":{"type":"string","description":"Enter initial value","x-ms-powerflows-param-ispartial":false}},"required":["SetReportNumber_Value"]}}}},"actions":{"Set_Report_Number":{"runAfter":{},"metadata":{"operationMetadataId":"2ddbe0a1-4619-40ae-b512-46604b04cab0"},"type":"InitializeVariable","inputs":{"variables":[{"name":"Report Number","type":"string","value":"@{triggerBody()['SetReportNumber_Value']}"}]}},"List_items_from_Industry_Report_List":{"runAfter":{"Set_Report_Number":["Succeeded"]},"metadata":{"operationMetadataId":"0e0786b0-02de-4eb8-b8a7-8108721ffa37"},"type":"OpenApiConnection","inputs":{"host":{"apiId":"/providers/Microsoft.PowerApps/apis/shared_sharepointonline","connectionName":"shared_sharepointonline","operationId":"GetItems"},"parameters":{"dataset":"https://manuelportero.sharepoint.com/sites/Industry_Report","table":"6a2d6583-d3da-49a1-8cb8-f46e1108fb0f","$filter":"ReportNumber eq '@{variables('Report Number')}'"},"authentication":{"value":"@json(decodeBase64(triggerOutputs().headers['X-MS-APIM-Tokens']))['$ConnectionKey']","type":"Raw"}}},"Get_complete_item_from_Industry_Report_List_action":{"runAfter":{"Table_to_row_parsing":["Succeeded"]},"metadata":{"operationMetadataId":"0f32962e-49b6-4ed4-9981-62b3fb2d94bc"},"type":"OpenApiConnection","inputs":{"host":{"apiId":"/providers/Microsoft.PowerApps/apis/shared_sharepointonline","connectionName":"shared_sharepointonline","operationId":"GetItem"},"parameters":{"dataset":"https://manuelportero.sharepoint.com/sites/Industry_Report","table":"6a2d6583-d3da-49a1-8cb8-f46e1108fb0f","id":"@outputs('Table_to_row_parsing')"},"authentication":{"value":"@json(decodeBase64(triggerOutputs().headers['X-MS-APIM-Tokens']))['$ConnectionKey']","type":"Raw"}}},"Table_to_row_parsing":{"runAfter":{"List_items_from_Industry_Report_List":["Succeeded"]},"metadata":{"operationMetadataId":"8d9a5cff-ee6c-4e4a-ad47-3f032b9e054a"},"type":"Compose","inputs":"@ first(outputs('List_items_from_Industry_Report_List')?['body/value'])?['ID']"},"Condition":{"actions":{},"runAfter":{"Retraso":["Succeeded"]},"else":{"actions":{"Send_an_email_(V2)":{"runAfter":{},"metadata":{"operationMetadataId":"7acb4172-1b29-4583-a81d-dc610651b3be"},"type":"OpenApiConnection","inputs":{"host":{"apiId":"/providers/Microsoft.PowerApps/apis/shared_office365","connectionName":"shared_office365","operationId":"SendEmailV2"},"parameters":{"emailMessage/To":"ManuelPortero@manuelportero.onmicrosoft.com","emailMessage/Subject":"Service@{variables('Report Number')} unattended","emailMessage/Body":"<p>The worker @{outputs('Get_complete_item_from_Industry_Report_List_action')?['body/AssignedTo/DisplayName']} is not attending the service after 3 hours of raise an incident, please asign another worker of the team for deal with this incident.</p>","emailMessage/Importance":"Normal"},"authentication":{"value":"@json(decodeBase64(triggerOutputs().headers['X-MS-APIM-Tokens']))['$ConnectionKey']","type":"Raw"}}},"Post_message_in_a_chat_or_channel":{"runAfter":{"Send_an_email_(V2)":["Succeeded"]},"metadata":{"operationMetadataId":"da299813-d7d8-43b5-bfe0-7482e9ea0fa8"},"type":"OpenApiConnection","inputs":{"host":{"apiId":"/providers/Microsoft.PowerApps/apis/shared_teams","connectionName":"shared_teams","operationId":"PostMessageToConversation"},"parameters":{"poster":"Flow bot","location":"Group chat","body/recipient":"19:8050edcdceb84b8cb9e37770c5b8e1ff@thread.v2","body/messageBody":"<p>Service@{variables('Report Number')} unattended.<br>\nThe worker @{outputs('Get_complete_item_from_Industry_Report_List_action')?['body/AssignedTo/DisplayName']} is not attending the service after 3 hours of raise an incident, please asign another worker of the team for deal with this incident.</p>"},"authentication":{"value":"@json(decodeBase64(triggerOutputs().headers['X-MS-APIM-Tokens']))['$ConnectionKey']","type":"Raw"}}}}},"expression":{"or":[{"contains":["@outputs('Get_complete_item_from_Industry_Report_List_action')?['body/Status']","transit"]},{"contains":["@outputs('Get_complete_item_from_Industry_Report_List_action')?['body/Status']","Closed"]}]},"metadata":{"operationMetadataId":"922d251e-5a1e-4ed6-b38e-27a57eb280fa"},"type":"If"},"Retraso":{"runAfter":{"Get_complete_item_from_Industry_Report_List_action":["Succeeded"]},"metadata":{"operationMetadataId":"fe346f3c-a5c2-4e51-859a-d2b35ba6d8fd"},"type":"Wait","inputs":{"interval":{"count":3,"unit":"Hour"}}}},"outputs":{}},"connectionReferences":{"shared_sharepointonline":{"connectionName":"shared-sharepointonl-b8d9abce-8d3f-457c-90db-1b1a-cdbdc681","source":"Invoker","id":"/providers/Microsoft.PowerApps/apis/shared_sharepointonline","tier":"NotSpecified"},"shared_office365":{"connectionName":"73a78dadb56f4a6cad7699b778e16a67","source":"Invoker","id":"/providers/Microsoft.PowerApps/apis/shared_office365","tier":"NotSpecified"},"shared_teams":{"connectionName":"178ab89708744d0380ff9b18956d7ab7","source":"Invoker","id":"/providers/Microsoft.PowerApps/apis/shared_teams","tier":"NotSpecified"}},"flowFailureAlertSubscribed":false,"isManaged":false}}