{"schemaVersion":"1.0","appDefinitionTemplate":{"id":"/providers/Microsoft.PowerApps/apps/","type":"Microsoft.PowerApps/apps","tags":{"primaryDeviceWidth":"640","primaryDeviceHeight":"1136","supportsPortrait":"true","supportsLandscape":"true","primaryFormFactor":"Phone","publisherVersion":"3.22081.14","minimumRequiredApiVersion":"2.2.0","hasComponent":"false","hasUnlockedComponent":"false","isUnifiedRootApp":"false","sienaVersion":"20220812T234653Z-3.22081.14.0"},"properties":{"appVersion":"2022-08-12T23:46:53Z","lifeCycleId":"Published","createdByClientVersion":{"major":3,"minor":22081,"build":14,"revision":0,"majorRevision":0,"minorRevision":0},"minClientVersion":{"major":3,"minor":22081,"build":14,"revision":0,"majorRevision":0,"minorRevision":0},"backgroundColor":"rgba(31, 31, 31, 1)","backgroundImageUri":"/5024295881463815949/Na0e60b61-b653-424a-aaef-5bf943654304-logoSmallFile","displayName":"Industrial_Report_App","description":"Industrial Report App for manage Incidents inside an industrial environtment.  Developed By Manuel Portero Leiva.","commitMessage":"","appUris":{"documentUri":{"value":"/5024295881463815949/Ndd0de38e-9c94-4c13-ba63-8adacd22c872-document.msapp"},"imageUris":[],"additionalUris":[]},"createdTime":"0001-01-01T00:00:00Z","lastModifiedTime":"0001-01-01T00:00:00Z","sharedGroupsCount":0,"sharedUsersCount":0,"icons":{"smallIconUri":"/5024295881463815949/N6de971e8-6a79-4ce7-a10d-e33a96888f14-small.png","mediumIconUri":"/5024295881463815949/Na311bdb8-4063-4a80-a4c6-8b7425a5a132-medium.png","largeIconUri":"/5024295881463815949/N220373a7-e1dc-45fa-b6ea-7d9bd2a62c75-large.png","wideIconUri":"/5024295881463815949/N3102dd36-1f8a-4d5f-bcca-a3dc54d8e9a1-wide.png"},"connectionReferences":{"6d27f52f-dbb1-48bf-b3ca-ea51751916db":{"id":"46dfbf4b-991c-4dcc-914c-4979180b6e23","displayName":"SharePoint","iconUri":"https://connectoricons-prod.azureedge.net/releases/v1.0.1591/1.0.1591.2961/sharepointonline/icon.png","dataSources":["IncidentIndustrialReport"],"dependencies":[],"dependents":[],"parameterHints":{},"parameterHintsV2":{},"isOnPremiseConnection":false,"bypassConsent":false,"dataSets":{"https://manuelportero.sharepoint.com/sites/Industry_Report/":{"dataSources":{"IncidentIndustrialReport":{"tableName":"6a2d6583-d3da-49a1-8cb8-f46e1108fb0f"}}}},"apiTier":"Standard","isCustomApiConnection":false,"actions":["providers/PowerPlatform.Governance/Operations/Read","providers/PowerPlatform.Governance/Operations/Write","providers/PowerPlatform.Governance/Operations/Delete"]}},"databaseReferences":{},"almMode":"Environment","performanceOptimizationEnabled":true,"canConsumeAppPass":true,"executionRestrictions":{"isTeamsOnly":false,"dataLossPreventionEvaluationResult":{"status":"Compliant","lastEvaluationDate":"2022-08-08T20:06:11.8494812Z","violations":[],"violationsByPolicy":[],"violationErrorMessage":"La aplicación usa los siguientes conectores: shared_sharepointonline."}}},"appType":"ClassicCanvasApp","appComponents":[]}}