{"schemaVersion":"1.0","appDefinitionTemplate":{"id":"/providers/Microsoft.PowerApps/apps/","type":"Microsoft.PowerApps/apps","tags":{"primaryDeviceWidth":"640","primaryDeviceHeight":"1136","supportsPortrait":"true","supportsLandscape":"true","primaryFormFactor":"Phone","publisherVersion":"3.22082.8","minimumRequiredApiVersion":"2.2.0","hasComponent":"false","hasUnlockedComponent":"false","isUnifiedRootApp":"false","sienaVersion":"20220821T130716Z-3.22082.8.0"},"properties":{"appVersion":"2022-08-21T13:07:16Z","lifeCycleId":"Published","createdByClientVersion":{"major":3,"minor":22082,"build":8,"revision":0,"majorRevision":0,"minorRevision":0},"minClientVersion":{"major":3,"minor":22082,"build":8,"revision":0,"majorRevision":0,"minorRevision":0},"backgroundColor":"rgba(31, 31, 31, 1)","backgroundImageUri":"/4910969242064892202/N5d01f03f-db21-4513-8749-73d20224c4ea-logoSmallFile","displayName":"Industrial_Report_App","description":"Industrial Report App for manage Incidents inside an industrial environtment.  Developed By Manuel Portero Leiva.","commitMessage":"","appUris":{"documentUri":{"value":"/4910969242064892202/N11a67eeb-5b8c-486c-a8ef-90eefab609ca-document.msapp"},"imageUris":[],"additionalUris":[]},"createdTime":"0001-01-01T00:00:00Z","lastModifiedTime":"0001-01-01T00:00:00Z","sharedGroupsCount":0,"sharedUsersCount":0,"icons":{"smallIconUri":"/4910969242064892202/N1a546498-ca8d-4cdd-9529-f5923188c685-small.png","mediumIconUri":"/4910969242064892202/N7a372a2e-a0c5-4096-95f6-5c16d4a9440a-medium.png","largeIconUri":"/4910969242064892202/Na354b4ce-f41c-4579-b83a-50eb96eddc94-large.png","wideIconUri":"/4910969242064892202/Nf8425ada-7a7a-418e-bcde-2238936f4a10-wide.png"},"connectionReferences":{"c3f3ca44-ace5-4934-9a06-0ec386ed870f":{"id":"82941e9d-6225-4590-aeea-dcdf97cd516a","displayName":"SharePoint","iconUri":"https://connectoricons-prod.azureedge.net/releases/v1.0.1591/1.0.1591.2961/sharepointonline/icon.png","dataSources":["IncidentIndustrialReport"],"dependencies":[],"dependents":["27fdce20-0689-40b1-acea-c895168b93c8"],"parameterHints":{},"parameterHintsV2":{},"isOnPremiseConnection":false,"bypassConsent":false,"dataSets":{"https://t8656.sharepoint.com/sites/Industrial_Report":{"dataSources":{"IncidentIndustrialReport":{"tableName":"bd82c083-ddec-4e45-9f99-3ef031f3122b"}}}},"apiTier":"Standard","isCustomApiConnection":false,"actions":["providers/PowerPlatform.Governance/Operations/Read","providers/PowerPlatform.Governance/Operations/Write","providers/PowerPlatform.Governance/Operations/Delete"]},"27fdce20-0689-40b1-acea-c895168b93c8":{"id":"1b054fff-6a90-4c45-90f9-58e3b402966e","displayName":"Flujos lógicos","iconUri":"https://connectoricons-prod.azureedge.net/releases/v1.0.1534/1.0.1534.2605/logicflows/icon.png","dataSources":["Industry_Report__App_Notifier"],"dependencies":["c3f3ca44-ace5-4934-9a06-0ec386ed870f","47e06cc9-87c1-417f-ad0e-3cf7793bea7d","36b275c7-c57e-4b9d-b0ef-8587d319d031"],"dependents":[],"parameterHints":{"workflowName":{"value":"df5af489-df9e-4022-92ad-efc5cc45d3f2"},"workflowEntityId":{},"c3f3ca44-ace5-4934-9a06-0ec386ed870f":{"value":"shared_sharepointonline_1"},"47e06cc9-87c1-417f-ad0e-3cf7793bea7d":{"value":"shared_office365_1"},"36b275c7-c57e-4b9d-b0ef-8587d319d031":{"value":"shared_teams_1"}},"parameterHintsV2":{"workflowName":{"value":"df5af489-df9e-4022-92ad-efc5cc45d3f2"},"workflowEntityId":{},"shared_sharepointonline_1":{"value":"c3f3ca44-ace5-4934-9a06-0ec386ed870f"},"shared_office365_1":{"value":"47e06cc9-87c1-417f-ad0e-3cf7793bea7d"},"shared_teams_1":{"value":"36b275c7-c57e-4b9d-b0ef-8587d319d031"}},"isOnPremiseConnection":false,"bypassConsent":false,"dataSets":{},"apiTier":"Standard","isCustomApiConnection":false,"actions":["Run"],"nestedActions":[{"id":"/providers/Microsoft.PowerApps/apis/shared_sharepointonline/apiOperations/GetItems","apiName":"SharePoint","actionName":"GetItems","referencedResources":[{"key":"site","value":"https://t8656.sharepoint.com/sites/Industrial_Report"},{"key":"list","value":"bd82c083-ddec-4e45-9f99-3ef031f3122b"}]},{"id":"/providers/Microsoft.PowerApps/apis/shared_sharepointonline/apiOperations/GetItem","apiName":"SharePoint","actionName":"GetItem","referencedResources":[{"key":"site","value":"https://t8656.sharepoint.com/sites/Industrial_Report"},{"key":"list","value":"bd82c083-ddec-4e45-9f99-3ef031f3122b"}]},{"id":"/providers/Microsoft.PowerApps/apis/shared_office365/apiOperations/SendEmailV2","apiName":"Office 365 Outlook","actionName":"SendEmailV2","referencedResources":[]},{"id":"/providers/Microsoft.PowerApps/apis/shared_teams/apiOperations/PostMessageToConversation","apiName":"Microsoft Teams","actionName":"PostMessageToConversation","referencedResources":[]}]},"47e06cc9-87c1-417f-ad0e-3cf7793bea7d":{"id":"852f9df4-93d4-4b8b-8edd-e41e89a0feae","displayName":"Office 365 Outlook","iconUri":"https://connectoricons-prod.azureedge.net/releases/v1.0.1591/1.0.1591.2961/office365/icon.png","dataSources":[],"dependencies":[],"dependents":["27fdce20-0689-40b1-acea-c895168b93c8"],"parameterHints":{},"parameterHintsV2":{},"isOnPremiseConnection":false,"bypassConsent":false,"dataSets":{},"apiTier":"Standard","isCustomApiConnection":false},"36b275c7-c57e-4b9d-b0ef-8587d319d031":{"id":"5adaed9a-b4fa-4ddf-865a-dc14c61165eb","displayName":"Microsoft Teams","iconUri":"https://connectoricons-prod.azureedge.net/releases/v1.0.1591/1.0.1591.2961/teams/icon.png","dataSources":[],"dependencies":[],"dependents":["27fdce20-0689-40b1-acea-c895168b93c8"],"parameterHints":{},"parameterHintsV2":{},"isOnPremiseConnection":false,"bypassConsent":false,"dataSets":{},"apiTier":"Standard","isCustomApiConnection":false}},"databaseReferences":{},"almMode":"Environment","performanceOptimizationEnabled":true,"canConsumeAppPass":true,"enableModernRuntimeMode":false,"executionRestrictions":{"isTeamsOnly":false,"dataLossPreventionEvaluationResult":{"status":"Compliant","lastEvaluationDate":"2022-08-21T13:07:35.2001561Z","violations":[],"violationsByPolicy":[],"violationErrorMessage":"La aplicación usa los siguientes conectores: shared_sharepointonline, shared_logicflows, shared_office365, shared_teams."},"httpActionRestriction":{"appUsesSharepointHttpAction":false,"enforcementStrategy":"Legacy","evaluationTime":"2022-08-21T13:07:35.1998699Z"}}},"appType":"ClassicCanvasApp","appComponents":[]}}