{"schemaVersion":"1.0","appDefinitionTemplate":{"id":"/providers/Microsoft.PowerApps/apps/","type":"Microsoft.PowerApps/apps","tags":{"primaryDeviceWidth":"640","primaryDeviceHeight":"1136","supportsPortrait":"true","supportsLandscape":"true","primaryFormFactor":"Phone","publisherVersion":"3.22081.14","minimumRequiredApiVersion":"2.2.0","hasComponent":"false","hasUnlockedComponent":"false","isUnifiedRootApp":"false","sienaVersion":"20220814T214756Z-3.22081.14.0"},"properties":{"appVersion":"2022-08-14T21:47:56Z","lifeCycleId":"Published","createdByClientVersion":{"major":3,"minor":22081,"build":14,"revision":0,"majorRevision":0,"minorRevision":0},"minClientVersion":{"major":3,"minor":22081,"build":14,"revision":0,"majorRevision":0,"minorRevision":0},"backgroundColor":"rgba(31, 31, 31, 1)","backgroundImageUri":"/5024295881463815949/Nf45f45aa-64d3-4de8-b690-6979690756a4-logoSmallFile","displayName":"Industrial_Report_App","description":"Industrial Report App for manage Incidents inside an industrial environtment.  Developed By Manuel Portero Leiva.","commitMessage":"","appUris":{"documentUri":{"value":"/5024295881463815949/N7e35ce06-6445-4fb6-9dda-2087bfd5d728-document.msapp"},"imageUris":[],"additionalUris":[]},"createdTime":"0001-01-01T00:00:00Z","lastModifiedTime":"0001-01-01T00:00:00Z","sharedGroupsCount":0,"sharedUsersCount":0,"icons":{"smallIconUri":"/5024295881463815949/Nd43defcf-fb37-4da4-811f-2ae2f9cb7f39-small.png","mediumIconUri":"/5024295881463815949/N4e5fd9c1-5872-4889-a8db-7978a01d0c8e-medium.png","largeIconUri":"/5024295881463815949/N7b499fd0-2727-4703-a186-cbf3ffa21b95-large.png","wideIconUri":"/5024295881463815949/N3cacd5c0-4876-4e6d-b758-beb1b0894c88-wide.png"},"connectionReferences":{},"databaseReferences":{},"almMode":"Environment","performanceOptimizationEnabled":true,"canConsumeAppPass":true,"executionRestrictions":{"isTeamsOnly":false,"dataLossPreventionEvaluationResult":{"status":"Compliant","lastEvaluationDate":"2022-08-14T13:40:46.5723165Z","violations":[],"violationsByPolicy":[],"violationErrorMessage":"La aplicación usa los siguientes conectores: shared_sharepointonline, shared_logicflows, shared_approvals, shared_office365, shared_teams."},"httpActionRestriction":{"appUsesSharepointHttpAction":false,"enforcementStrategy":"Legacy","evaluationTime":"2022-08-14T13:40:46.5721674Z"}}},"appType":"ClassicCanvasApp","appComponents":[]}}