{"schemaVersion":"1.0","appDefinitionTemplate":{"id":"/providers/Microsoft.PowerApps/apps/","type":"Microsoft.PowerApps/apps","tags":{"primaryDeviceWidth":"640","primaryDeviceHeight":"1136","supportsPortrait":"true","supportsLandscape":"true","primaryFormFactor":"Phone","publisherVersion":"3.22081.14","minimumRequiredApiVersion":"2.2.0","hasComponent":"false","hasUnlockedComponent":"false","isUnifiedRootApp":"false","sienaVersion":"20220814T134027Z-3.22081.14.0"},"properties":{"appVersion":"2022-08-14T13:40:27Z","lifeCycleId":"Published","createdByClientVersion":{"major":3,"minor":22081,"build":14,"revision":0,"majorRevision":0,"minorRevision":0},"minClientVersion":{"major":3,"minor":22081,"build":14,"revision":0,"majorRevision":0,"minorRevision":0},"backgroundColor":"rgba(31, 31, 31, 1)","backgroundImageUri":"/5024295881463815949/Ne6c3f35f-82bc-41ba-884b-bc911345fe08-logoSmallFile","displayName":"Industrial_Report_App","description":"Industrial Report App for manage Incidents inside an industrial environtment.  Developed By Manuel Portero Leiva.","commitMessage":"","appUris":{"documentUri":{"value":"/5024295881463815949/Ne13b219e-c29b-4371-b0a5-ebd7d9ec84b3-document.msapp"},"imageUris":[],"additionalUris":[]},"createdTime":"0001-01-01T00:00:00Z","lastModifiedTime":"0001-01-01T00:00:00Z","sharedGroupsCount":0,"sharedUsersCount":0,"icons":{"smallIconUri":"/5024295881463815949/Nf5ec5254-463e-4461-a1ce-4a479e74c3b0-small.png","mediumIconUri":"/5024295881463815949/Nb7f0cf94-02f8-442a-bc49-099a4839d30f-medium.png","largeIconUri":"/5024295881463815949/Nba949f66-c4a2-48f2-a41f-fa003bf69361-large.png","wideIconUri":"/5024295881463815949/Nb61bb4f7-54fb-44a8-af4d-55fe521e8bb4-wide.png"},"connectionReferences":{"6d27f52f-dbb1-48bf-b3ca-ea51751916db":{"id":"46dfbf4b-991c-4dcc-914c-4979180b6e23","displayName":"SharePoint","iconUri":"https://connectoricons-prod.azureedge.net/releases/v1.0.1591/1.0.1591.2961/sharepointonline/icon.png","dataSources":["IncidentIndustrialReport"],"dependencies":[],"dependents":["6e49912e-e587-4226-a265-ded35e11f1de"],"parameterHints":{},"parameterHintsV2":{},"isOnPremiseConnection":false,"bypassConsent":false,"dataSets":{"https://manuelportero.sharepoint.com/sites/Industry_Report/":{"dataSources":{"IncidentIndustrialReport":{"tableName":"6a2d6583-d3da-49a1-8cb8-f46e1108fb0f"}}}},"apiTier":"Standard","isCustomApiConnection":false,"actions":["providers/PowerPlatform.Governance/Operations/Read","providers/PowerPlatform.Governance/Operations/Write","providers/PowerPlatform.Governance/Operations/Delete"]},"6e49912e-e587-4226-a265-ded35e11f1de":{"id":"f7613bcf-6ce6-4660-9f45-ef6225ba85da","displayName":"Flujos lógicos","iconUri":"https://connectoricons-prod.azureedge.net/releases/v1.0.1534/1.0.1534.2605/logicflows/icon.png","dataSources":["Industry_Report__App_Notifier"],"dependencies":["6d27f52f-dbb1-48bf-b3ca-ea51751916db","a7281eb7-96f7-432d-a32d-e137f8edcfd4","12fa5c54-85d3-4413-9cdc-85569321094b","d1abd833-7265-4ff8-add0-998ff02ba362"],"dependents":[],"parameterHints":{"workflowName":{"value":"60fd921e-061e-4e2a-bb10-919f99a57d00"},"workflowEntityId":{},"6d27f52f-dbb1-48bf-b3ca-ea51751916db":{"value":"shared_sharepointonline"},"a7281eb7-96f7-432d-a32d-e137f8edcfd4":{"value":"shared_approvals_1"},"12fa5c54-85d3-4413-9cdc-85569321094b":{"value":"shared_office365"},"d1abd833-7265-4ff8-add0-998ff02ba362":{"value":"shared_teams"}},"parameterHintsV2":{"workflowName":{"value":"60fd921e-061e-4e2a-bb10-919f99a57d00"},"workflowEntityId":{},"shared_sharepointonline":{"value":"6d27f52f-dbb1-48bf-b3ca-ea51751916db"},"shared_approvals_1":{"value":"a7281eb7-96f7-432d-a32d-e137f8edcfd4"},"shared_office365":{"value":"12fa5c54-85d3-4413-9cdc-85569321094b"},"shared_teams":{"value":"d1abd833-7265-4ff8-add0-998ff02ba362"}},"isOnPremiseConnection":false,"bypassConsent":false,"dataSets":{},"apiTier":"Standard","isCustomApiConnection":false,"actions":["Run"],"nestedActions":[{"id":"/providers/Microsoft.PowerApps/apis/shared_sharepointonline/apiOperations/GetItems","apiName":"SharePoint","actionName":"GetItems","referencedResources":[{"key":"site","value":"https://manuelportero.sharepoint.com/sites/Industry_Report"},{"key":"list","value":"6a2d6583-d3da-49a1-8cb8-f46e1108fb0f"}]},{"id":"/providers/Microsoft.PowerApps/apis/shared_sharepointonline/apiOperations/GetItem","apiName":"SharePoint","actionName":"GetItem","referencedResources":[{"key":"site","value":"https://manuelportero.sharepoint.com/sites/Industry_Report"},{"key":"list","value":"6a2d6583-d3da-49a1-8cb8-f46e1108fb0f"}]},{"id":"/providers/Microsoft.PowerApps/apis/shared_office365/apiOperations/SendEmailV2","apiName":"Office 365 Outlook","actionName":"SendEmailV2","referencedResources":[]},{"id":"/providers/Microsoft.PowerApps/apis/shared_teams/apiOperations/PostMessageToConversation","apiName":"Microsoft Teams","actionName":"PostMessageToConversation","referencedResources":[]}]},"a7281eb7-96f7-432d-a32d-e137f8edcfd4":{"id":"c926cc24-ebcf-45af-bcf7-28bb9d66cc59","displayName":"Aprobaciones","iconUri":"https://connectoricons-prod.azureedge.net/releases/v1.0.1590/1.0.1590.2954/approvals/icon.png","dataSources":[],"dependencies":[],"dependents":["6e49912e-e587-4226-a265-ded35e11f1de"],"parameterHints":{},"parameterHintsV2":{},"isOnPremiseConnection":false,"bypassConsent":false,"dataSets":{},"apiTier":"Standard","isCustomApiConnection":false},"12fa5c54-85d3-4413-9cdc-85569321094b":{"id":"f20c7400-172d-4555-84f2-2f330a83d832","displayName":"Office 365 Outlook","iconUri":"https://connectoricons-prod.azureedge.net/releases/v1.0.1591/1.0.1591.2961/office365/icon.png","dataSources":[],"dependencies":[],"dependents":["6e49912e-e587-4226-a265-ded35e11f1de"],"parameterHints":{},"parameterHintsV2":{},"isOnPremiseConnection":false,"bypassConsent":false,"dataSets":{},"apiTier":"Standard","isCustomApiConnection":false},"d1abd833-7265-4ff8-add0-998ff02ba362":{"id":"4ff1bf03-38ac-4653-8672-fb768e0b09a3","displayName":"Microsoft Teams","iconUri":"https://connectoricons-prod.azureedge.net/releases/v1.0.1591/1.0.1591.2961/teams/icon.png","dataSources":[],"dependencies":[],"dependents":["6e49912e-e587-4226-a265-ded35e11f1de"],"parameterHints":{},"parameterHintsV2":{},"isOnPremiseConnection":false,"bypassConsent":false,"dataSets":{},"apiTier":"Standard","isCustomApiConnection":false}},"databaseReferences":{},"almMode":"Environment","performanceOptimizationEnabled":true,"canConsumeAppPass":true,"executionRestrictions":{"isTeamsOnly":false,"dataLossPreventionEvaluationResult":{"status":"Compliant","lastEvaluationDate":"2022-08-14T13:40:46.5723165Z","violations":[],"violationsByPolicy":[],"violationErrorMessage":"La aplicación usa los siguientes conectores: shared_sharepointonline, shared_logicflows, shared_approvals, shared_office365, shared_teams."},"httpActionRestriction":{"appUsesSharepointHttpAction":false,"enforcementStrategy":"Legacy","evaluationTime":"2022-08-14T13:40:46.5721674Z"}}},"appType":"ClassicCanvasApp","appComponents":[]}}